Sequence;S1;S2;S3;S4;S5;S6;S7;S8;S9;S10;S11;S12;S13;S14;S15
VINQPYYNYEAGPDA ;6;5;7;8;7;4;5;5;5;6;7;8;7;6;6
YTEGLLDNVTVLIGI ;5;5;5;5;5;5;5;4;4;5;6;7;7;7;7
LARILPNKNRDELNG ;6;6;6;5;4;6;7;7;7;5;4;4;4;4;4
FLKLEVNGPMVTVAL ;4;4;5;5;4;5;7;8;7;4;5;5;5;5;5
PESCSPKNNMIVGVP ;6;6;6;7;8;8;8;8;7;4;6;5;4;6;7
ELPPIVQNCCLPAVV ;7;7;6;4;5;5;5;5;4;5;5;4;4;4;3
QLKMHDLNTDQENLV ;3;3;4;5;6;6;7;7;7;7;6;6;5;5;6
GSNEFKLNQPPEDGI ;7;7;7;5;4;4;5;7;8;8;8;7;6;5;5
LQEKISLNPSVRFKA ;5;5;4;4;4;5;6;8;7;6;5;4;4;4;5
VENALKVNPILGPQM ;5;5;5;5;4;5;6;7;6;6;6;7;5;4;4
LSLLPSDNSVIQDKF ;4;4;4;6;8;8;8;7;5;4;4;4;5;6;6
TAQCLRKNPAERMSY ;5;4;4;4;5;6;7;8;7;5;4;4;5;5;5
YMAPERINPELNQKG ;5;6;7;6;5;5;6;7;5;4;4;5;6;6;7
QVNFEEQNNPQILQN ;5;4;5;4;5;6;7;8;8;7;5;4;4;5;7
KHLEERQNWPEDKRR ;7;7;5;6;6;6;4;7;8;7;7;7;6;5;4
NQLIAVDNQLLHVKD ;5;4;4;4;4;4;5;6;5;3;4;4;4;6;7
KDLEFLLNKLMKLWK ;5;5;6;6;7;8;9;9;9;9;9;9;9;8;6
ITLKVARNCIKITFD ;4;4;6;8;8;8;7;5;6;6;6;5;4;4;4
ACLRKCQNARDNLNR ;4;4;7;5;4;5;5;5;4;4;4;4;4;4;4
RSLESGSNFAPLKVG ;4;4;4;5;7;7;7;7;6;6;5;5;5;5;6
DVKCETPNCPFFMSV ;6;4;5;5;6;7;8;8;7;6;4;5;5;4;5
QPIKFPINGLSDVKN ;5;5;4;5;5;5;5;6;6;5;4;4;4;5;7
NTSEDSENFPSSSKK ;8;8;8;8;8;7;7;7;8;8;8;8;8;7;4
IAKYNRGKTVGVFCC ;5;5;4;4;7;8;8;7;5;5;5;6;6;5;5
HEPFPEGFSKPAEFT ;6;7;7;7;6;5;5;6;7;7;7;6;5;5;5
FFIGENMNPDGMVAL ;6;6;4;5;6;7;7;8;8;7;6;4;4;5;5
HILANFKNYQFFIGE ;6;6;5;4;5;6;7;6;6;5;4;4;5;7;7
GQKRSEINLPGNCVA ;7;6;6;6;5;5;4;5;7;8;7;7;5;4;4
AMFTNDYNLAQDLYL ;4;4;5;6;7;7;6;5;5;5;5;5;5;5;5
EYKIWKKNTPFLYDL ;5;5;4;5;5;6;7;8;7;6;4;3;4;4;5
VALWDLRNLKLKLHS ;5;5;5;5;4;4;5;6;6;5;4;5;5;7;7
EKEALGQNEESPKQG ;6;5;4;4;5;6;7;7;7;7;7;6;6;5;6
AADKSTRNEFRRFME ;6;6;5;5;5;5;5;6;6;7;7;7;6;6;6
FTVSVVNNYALNLNI ;5;5;5;5;5;4;5;5;6;5;5;5;6;5;5
VVNNYALNLNIAMPL ;4;5;7;7;6;5;5;5;5;5;5;5;6;7;7
EDSDFLENLMSTEKK ;8;7;6;4;5;6;7;7;6;6;5;4;6;7;7
PDIWALHNWSAWLTP ;7;6;4;4;4;5;6;6;6;6;6;6;7;8;7
ERLNFDINLENPSRT ;7;5;5;6;7;7;7;7;5;6;8;8;7;7;7
SSDGILWNLAKCSPE ;7;7;6;5;4;5;5;5;4;4;4;5;7;8;7
SAGVGPGNYSFSYQL ;7;7;6;6;7;8;7;6;5;4;4;3;4;5;7
SPELEVLNAAPSSAG ;8;7;6;6;6;6;7;8;8;8;8;7;7;6;5
VLVLLTTNTVVHDEA ;4;5;5;5;4;5;6;6;6;6;6;7;7;6;5
FTKDNITNNTAAATV ;6;7;6;6;6;6;6;7;7;7;5;4;4;5;6
DPGVLRPNELPADPD ;8;7;6;4;4;6;7;7;7;7;8;8;8;8;6
DAANFDNNELENNQV ;6;5;5;5;6;8;7;6;5;5;6;6;7;6;5
VTPPTSQNTTARNPR ;5;5;7;7;7;7;6;6;5;5;5;6;7;7;7
NFSPRLPNDPLVPTA ;6;7;7;7;7;7;8;8;8;7;6;6;6;5;5
QEMTHMVNAMDRSYA ;6;6;6;5;5;5;4;5;5;6;6;6;6;6;5
RIACPIWNGALAITT ;5;5;5;6;6;6;6;7;7;6;5;4;5;6;6
EEEALIKNNNTCKDF ;7;7;5;4;4;4;6;7;8;7;6;6;6;5;4
EIEVTEENVQVLLPA ;5;5;5;5;5;6;6;6;4;5;5;5;5;6;5
EQAEGFYNSFLEQLR ;4;4;4;4;5;5;6;6;6;7;7;7;6;4;5
LQCVLKGNKPDFHLA ;4;3;4;4;4;6;7;8;8;7;7;6;4;4;4
MAANLSRNGPALQEA ;4;4;4;4;4;6;7;8;8;5;4;3;3;3;4
FTYEGNSNDIRVAGT ;5;6;5;5;7;8;8;7;5;6;7;7;5;5;7
DNPTPFGNAKEVIAI ;8;8;8;8;8;8;8;8;8;8;8;8;8;6;4
GFSETSFNDIKVPSP ;6;6;5;5;6;6;6;6;5;4;5;4;7;8;7
SRIADGFNGIFSDHC ;5;4;3;3;4;4;4;4;3;4;5;5;6;7;7
PDLKYFDNKDDDSDT ;7;7;6;5;5;6;7;7;8;8;8;8;8;8;8
SDRAWVWNTHADFAD ;7;6;5;4;5;5;4;5;5;5;5;5;5;5;7
TENTDESNHDPQFEP ;7;8;8;8;8;7;8;8;8;8;7;4;5;5;5
AFEARDRNIQESNFD ;6;5;5;4;5;5;5;5;5;6;7;7;7;7;5
EDILESINSIKSRLS ;5;5;5;7;8;7;8;9;9;9;9;9;9;8;8
ACSIRDPNSGFVFNL ;6;4;6;6;8;8;8;8;8;7;5;7;7;6;5
ECNKTAGNDGKGTPV ;5;4;5;6;6;7;8;8;8;8;8;8;7;6;4
VENSVYANIGDVKSF ;5;6;6;5;5;5;4;5;7;7;5;4;4;4;5
KKARLKSNPVKVRFS ;5;4;5;6;6;7;8;8;7;5;4;4;4;4;4
IYMYSVCNVMSGDQD ;4;4;3;4;4;5;5;5;5;6;7;8;8;7;7
SDLEPHMNYTFTVEA ;7;6;6;6;6;6;6;5;4;5;5;5;4;5;6
NSTFLHPNFFILTGF ;7;7;6;6;6;7;7;6;5;4;3;3;4;4;5
MAETLQLNSTFLHPN ;5;5;5;5;5;5;6;6;6;6;5;6;7;7;7
ANQQIITNRGSGGNI ;7;7;6;5;4;5;4;5;7;8;8;8;7;5;4
VGGNNGGNGNGGGAF ;4;6;7;8;7;8;7;7;7;7;7;7;6;5;6
RIDDHNSNGKNKYKN ;6;5;5;7;7;7;7;7;7;6;6;5;5;5;6
HDDSEKVNETDGVEA ;7;7;7;6;5;4;5;5;6;7;7;6;4;3;3
ADKYWKKNGGSILFY ;3;4;4;4;3;4;5;7;8;7;5;5;5;5;5
VVMPFCTNGVDDMFE ;4;4;3;4;4;5;6;6;6;5;5;5;5;5;5
ETRSPGLNNMKPQSL ;4;5;6;7;7;7;6;6;6;7;7;6;5;5;4
LTQSQKQNEDYEKMI ;4;5;5;6;6;6;6;6;6;5;4;5;5;5;5
GSFPQCNNAPKYQIG ;4;5;6;6;5;6;7;7;7;7;5;4;4;5;6
GWNLVDNNLLHNGEV ;6;5;4;4;5;6;6;6;5;5;6;8;8;7;5
LPTEDCENEKEQAVH ;6;7;6;5;5;6;6;6;6;5;5;5;5;5;5
EKEQAVHNVVQLLPG ;4;6;7;8;8;8;9;9;9;9;8;7;5;5;5
VVDLIFLNTEVSLSQ ;4;4;4;4;3;4;5;6;6;6;5;5;5;5;5
AGNTPNQNFSTAANS ;6;8;8;8;8;7;6;6;5;5;4;4;5;5;5
QLAKELSNKGVLKTQ ;5;6;7;7;7;5;5;6;7;6;5;4;4;4;4
ALLGGLVNVARLPER ;4;4;5;6;6;6;5;5;5;5;5;6;7;7;8
SPPHLQFNKFVLTGY ;8;8;7;5;5;5;5;5;5;4;4;5;6;5;5
IRDIDLKNRRGGPPF ;5;5;5;5;5;5;5;6;7;8;8;8;7;6;4
IRGPAGNNDCRIYVG ;4;5;7;8;8;8;8;8;7;5;5;6;6;5;5
WRVKSIPNGKGSSPL ;5;5;5;5;4;6;7;8;8;8;7;7;7;6;6
HRGEAQRNIYRLLNT ;6;7;7;6;5;4;4;4;5;7;7;7;6;5;4
IGLAVAINPQEMAPQ ;5;5;4;4;4;4;5;7;7;6;6;5;6;5;4
RILLALWNPRHCIQD ;4;4;4;4;4;3;5;7;7;6;5;4;5;6;7
QPYPKGWNLPGTAAQ ;8;8;8;8;8;8;7;7;7;8;6;5;5;4;4
HLAGTEQNFLLAKKI ;4;5;6;7;7;6;6;6;5;5;4;4;4;4;5
SENIKLGNLSALRTF ;5;5;5;5;6;6;7;7;6;5;4;5;6;7;7
IMFLICLNMVTMMVE ;7;7;7;7;7;6;6;5;5;5;5;4;4;5;6
GSLWYTPIRREWYYE ;7;7;7;6;6;7;6;6;6;6;6;5;5;5;4
IARPDDSLEPFFDSL ;5;5;7;8;8;7;6;6;5;4;4;4;5;5;5
TLENFYSNLILQHEE ;5;5;7;5;4;4;4;5;4;4;5;5;6;6;6
TTTFPMSNHTRERVT ;6;6;6;6;7;7;7;7;7;6;6;5;4;4;4
MKKNPMTNYTTVPQE ;4;5;6;7;7;6;6;6;5;5;6;6;5;7;7
FYEDMKENPKREIQK ;7;7;6;5;4;5;6;7;7;8;8;8;7;7;5
SKSMHARNRYKDKPP ;5;5;5;4;4;4;4;5;5;6;6;7;8;8;7
RLVVKERNRKDRSRN ;5;5;5;5;4;4;6;7;7;7;6;6;7;7;7
WGIVEVENPGHCDFV ;6;5;7;8;7;5;5;8;8;8;7;6;4;5;5
RLPMKKNNNLYSWDD ;5;5;4;5;6;6;7;7;6;4;5;4;6;8;7
PEAKAPCNQAITSTL ;6;6;6;6;6;7;6;6;5;4;4;5;7;7;5
LCLVMEFNELSFQEV ;6;6;6;5;4;4;5;7;7;7;6;6;8;8;8
FHAWDVRNLRKLRGQ ;7;7;7;6;7;7;8;8;8;8;7;5;6;7;7
QDMNFINNYKIDCPT ;7;8;8;8;8;7;5;6;5;4;4;6;6;5;3
CLVHLHKNCIPQYTL ;5;5;5;5;3;4;5;5;6;7;7;5;4;5;5
SYEGVAVNDCIESGR ;4;5;5;5;4;4;4;4;4;4;4;5;7;7;6
QFTSAGENFDKLLAG ;4;4;4;5;6;7;7;6;5;4;4;4;3;4;4
VSKTGPSNNDEKSEM ;4;5;6;7;8;8;8;8;7;7;6;6;6;6;5
VPIDLSANCSTVNIQ ;5;5;4;4;5;6;6;7;7;6;5;5;5;5;4
LECKICYNRYNLKQR ;5;7;8;8;7;7;5;4;4;5;5;4;4;5;6
DDNNILVNLTCGGKG ;8;8;8;5;7;8;9;9;8;7;6;7;8;8;7
KICYNRYNLKQRKPK ;5;4;4;4;5;5;5;5;5;5;6;7;7;6;5
YQRLLLENPRFPGIL ;4;4;3;4;4;4;6;7;8;7;7;4;5;6;7
KELVQECNASVQSMK ;8;8;8;8;8;7;5;5;5;4;5;4;4;5;6
PLGSRSTNERRQSRF ;6;6;6;6;6;6;7;6;5;5;4;4;4;5;6
GNSFMPANGLTVAQN ;6;6;6;6;6;7;7;7;6;5;4;4;5;6;7
GHLRSFQNKKSLVAF ;7;5;4;4;4;4;5;6;7;5;3;4;5;5;4
HMVLSKANSQPSAGR ;4;4;4;3;4;5;7;8;8;8;8;7;5;5;5
RVYSGILNQSEIKED ;4;4;4;5;5;5;6;7;7;6;5;5;5;6;7
WPKESQRNLCLLKTS ;8;7;5;5;5;6;6;6;4;4;4;4;4;5;6
AKIPLVTNEECQKRY ;6;5;4;4;5;5;7;7;6;5;5;5;5;5;4
RVFIGNLNTLVVKKS ;4;5;5;4;5;7;7;7;6;5;4;4;5;6;6
AGQVLDINLAAEPKV ;6;6;5;5;4;4;4;4;4;5;6;7;7;6;6
KVDSLLENLEKIEKE ;5;4;5;6;7;7;6;6;5;4;4;4;4;4;4
DTKKKKINNGTNPET ;5;4;6;7;7;6;6;5;7;8;8;8;7;8;8
TKKKKINNGTNPETT ;8;9;9;8;8;7;6;8;8;8;8;7;5;5;4
MSEKTRQNKLAEAKK ;5;5;6;7;8;8;7;7;8;8;9;9;9;9;9
VLVENFSNFTNRMAS ;9;9;9;8;8;8;8;8;9;9;9;9;8;8;5
IKQVLVENFSNFTNR ;7;8;8;8;7;4;4;4;4;5;6;6;5;5;5
YRCGYCKNESGSRSN ;5;6;7;7;7;7;7;8;8;8;8;8;8;8;8
LEAETPPNGPDCGYG ;8;8;8;8;8;8;8;8;8;8;8;8;7;7;8
SLESEGKNSKKEEPQ ;8;7;7;7;7;8;8;8;8;8;8;8;8;7;6
QTQIETKNPRVNLLV ;5;6;7;7;7;7;5;6;6;3;4;4;5;4;4
LERRRKLNDALDRLE ;5;5;6;6;7;7;8;8;8;9;9;8;8;7;6
